condition,seed,extra_objects,noise_std_m,candidate_count,correct_candidates,candidate_precision,candidate_recall,oracle_translation_error_m,oracle_yaw_error_deg
clean,42,0,0.0,34,10,0.29411764705882354,1.0,0.0,0.0
clean,43,0,0.0,34,10,0.29411764705882354,1.0,0.0,6.3611093629270335e-15
clean,44,0,0.0,34,10,0.29411764705882354,1.0,0.0,0.0
clean,45,0,0.0,34,10,0.29411764705882354,1.0,0.0,0.0
clean,46,0,0.0,34,10,0.29411764705882354,1.0,1.7763568394002505e-15,6.3611093629270335e-15
clean,47,0,0.0,34,10,0.29411764705882354,1.0,0.0,0.0
clean,48,0,0.0,34,10,0.29411764705882354,1.0,0.0,0.0
clean,49,0,0.0,34,10,0.29411764705882354,1.0,0.0,6.3611093629270335e-15
clean,50,0,0.0,34,10,0.29411764705882354,1.0,8.881784197001252e-16,0.0
clean,51,0,0.0,34,10,0.29411764705882354,1.0,1.9860273225978185e-15,6.3611093629270335e-15
clean,52,0,0.0,34,10,0.29411764705882354,1.0,0.0,0.0
clean,53,0,0.0,34,10,0.29411764705882354,1.0,1.9860273225978185e-15,0.0
clean,54,0,0.0,34,10,0.29411764705882354,1.0,1.7763568394002505e-15,6.3611093629270335e-15
clean,55,0,0.0,34,10,0.29411764705882354,1.0,0.0,6.3611093629270335e-15
clean,56,0,0.0,34,10,0.29411764705882354,1.0,0.0,6.3611093629270335e-15
clean,57,0,0.0,34,10,0.29411764705882354,1.0,0.0,6.3611093629270335e-15
clean,58,0,0.0,34,10,0.29411764705882354,1.0,0.0,6.3611093629270335e-15
clean,59,0,0.0,34,10,0.29411764705882354,1.0,0.0,6.3611093629270335e-15
clean,60,0,0.0,34,10,0.29411764705882354,1.0,1.9860273225978185e-15,6.3611093629270335e-15
clean,61,0,0.0,34,10,0.29411764705882354,1.0,0.0,0.0
clean,62,0,0.0,34,10,0.29411764705882354,1.0,1.7763568394002505e-15,6.3611093629270335e-15
clean,63,0,0.0,34,10,0.29411764705882354,1.0,0.0,0.0
clean,64,0,0.0,34,10,0.29411764705882354,1.0,1.9860273225978185e-15,6.3611093629270335e-15
clean,65,0,0.0,34,10,0.29411764705882354,1.0,1.9860273225978185e-15,6.3611093629270335e-15
clean,66,0,0.0,34,10,0.29411764705882354,1.0,0.0,0.0
clean,67,0,0.0,34,10,0.29411764705882354,1.0,1.7763568394002505e-15,6.3611093629270335e-15
clean,68,0,0.0,34,10,0.29411764705882354,1.0,1.7763568394002505e-15,6.3611093629270335e-15
clean,69,0,0.0,34,10,0.29411764705882354,1.0,0.0,6.3611093629270335e-15
clean,70,0,0.0,34,10,0.29411764705882354,1.0,0.0,6.3611093629270335e-15
clean,71,0,0.0,34,10,0.29411764705882354,1.0,0.0,6.3611093629270335e-15
extra_2,42,2,0.0,41,10,0.24390243902439024,1.0,0.0,0.0
extra_2,43,2,0.0,41,10,0.24390243902439024,1.0,0.0,6.3611093629270335e-15
extra_2,44,2,0.0,41,10,0.24390243902439024,1.0,0.0,0.0
extra_2,45,2,0.0,41,10,0.24390243902439024,1.0,0.0,0.0
extra_2,46,2,0.0,41,10,0.24390243902439024,1.0,1.7763568394002505e-15,0.0
extra_2,47,2,0.0,41,10,0.24390243902439024,1.0,0.0,0.0
extra_2,48,2,0.0,41,10,0.24390243902439024,1.0,0.0,0.0
extra_2,49,2,0.0,41,10,0.24390243902439024,1.0,0.0,0.0
extra_2,50,2,0.0,41,10,0.24390243902439024,1.0,8.881784197001252e-16,0.0
extra_2,51,2,0.0,41,10,0.24390243902439024,1.0,1.9860273225978185e-15,6.3611093629270335e-15
extra_2,52,2,0.0,41,10,0.24390243902439024,1.0,0.0,0.0
extra_2,53,2,0.0,41,10,0.24390243902439024,1.0,1.9860273225978185e-15,0.0
extra_2,54,2,0.0,41,10,0.24390243902439024,1.0,1.7763568394002505e-15,6.3611093629270335e-15
extra_2,55,2,0.0,41,10,0.24390243902439024,1.0,0.0,0.0
extra_2,56,2,0.0,41,10,0.24390243902439024,1.0,0.0,0.0
extra_2,57,2,0.0,41,10,0.24390243902439024,1.0,0.0,6.3611093629270335e-15
extra_2,58,2,0.0,41,10,0.24390243902439024,1.0,0.0,0.0
extra_2,59,2,0.0,41,10,0.24390243902439024,1.0,0.0,1.2722218725854067e-14
extra_2,60,2,0.0,41,10,0.24390243902439024,1.0,1.9860273225978185e-15,6.3611093629270335e-15
extra_2,61,2,0.0,41,10,0.24390243902439024,1.0,0.0,0.0
extra_2,62,2,0.0,41,10,0.24390243902439024,1.0,1.7763568394002505e-15,6.3611093629270335e-15
extra_2,63,2,0.0,41,10,0.24390243902439024,1.0,0.0,0.0
extra_2,64,2,0.0,41,10,0.24390243902439024,1.0,1.9860273225978185e-15,6.3611093629270335e-15
extra_2,65,2,0.0,41,10,0.24390243902439024,1.0,8.881784197001252e-16,1.2722218725854067e-14
extra_2,66,2,0.0,41,10,0.24390243902439024,1.0,0.0,6.3611093629270335e-15
extra_2,67,2,0.0,41,10,0.24390243902439024,1.0,1.7763568394002505e-15,0.0
extra_2,68,2,0.0,41,10,0.24390243902439024,1.0,1.7763568394002505e-15,0.0
extra_2,69,2,0.0,41,10,0.24390243902439024,1.0,0.0,6.3611093629270335e-15
extra_2,70,2,0.0,41,10,0.24390243902439024,1.0,0.0,6.3611093629270335e-15
extra_2,71,2,0.0,41,10,0.24390243902439024,1.0,0.0,6.3611093629270335e-15
extra_5,42,5,0.0,51,10,0.19607843137254902,1.0,0.0,0.0
extra_5,43,5,0.0,51,10,0.19607843137254902,1.0,0.0,6.3611093629270335e-15
extra_5,44,5,0.0,51,10,0.19607843137254902,1.0,0.0,0.0
extra_5,45,5,0.0,51,10,0.19607843137254902,1.0,0.0,0.0
extra_5,46,5,0.0,51,10,0.19607843137254902,1.0,1.7763568394002505e-15,0.0
extra_5,47,5,0.0,51,10,0.19607843137254902,1.0,0.0,0.0
extra_5,48,5,0.0,51,10,0.19607843137254902,1.0,0.0,0.0
extra_5,49,5,0.0,51,10,0.19607843137254902,1.0,0.0,0.0
extra_5,50,5,0.0,51,10,0.19607843137254902,1.0,8.881784197001252e-16,6.3611093629270335e-15
extra_5,51,5,0.0,51,10,0.19607843137254902,1.0,1.9860273225978185e-15,6.3611093629270335e-15
extra_5,52,5,0.0,51,10,0.19607843137254902,1.0,0.0,6.3611093629270335e-15
extra_5,53,5,0.0,51,10,0.19607843137254902,1.0,1.9860273225978185e-15,0.0
extra_5,54,5,0.0,51,10,0.19607843137254902,1.0,1.7763568394002505e-15,6.3611093629270335e-15
extra_5,55,5,0.0,51,10,0.19607843137254902,1.0,0.0,1.2722218725854067e-14
extra_5,56,5,0.0,51,10,0.19607843137254902,1.0,0.0,0.0
extra_5,57,5,0.0,51,10,0.19607843137254902,1.0,0.0,6.3611093629270335e-15
extra_5,58,5,0.0,51,10,0.19607843137254902,1.0,0.0,0.0
extra_5,59,5,0.0,51,10,0.19607843137254902,1.0,0.0,0.0
extra_5,60,5,0.0,51,10,0.19607843137254902,1.0,1.9860273225978185e-15,6.3611093629270335e-15
extra_5,61,5,0.0,51,10,0.19607843137254902,1.0,0.0,0.0
extra_5,62,5,0.0,51,10,0.19607843137254902,1.0,1.7763568394002505e-15,6.3611093629270335e-15
extra_5,63,5,0.0,51,10,0.19607843137254902,1.0,0.0,0.0
extra_5,64,5,0.0,51,10,0.19607843137254902,1.0,1.9860273225978185e-15,6.3611093629270335e-15
extra_5,65,5,0.0,51,10,0.19607843137254902,1.0,8.881784197001252e-16,0.0
extra_5,66,5,0.0,51,10,0.19607843137254902,1.0,0.0,6.3611093629270335e-15
extra_5,67,5,0.0,51,10,0.19607843137254902,1.0,1.7763568394002505e-15,0.0
extra_5,68,5,0.0,51,10,0.19607843137254902,1.0,1.7763568394002505e-15,6.3611093629270335e-15
extra_5,69,5,0.0,51,10,0.19607843137254902,1.0,0.0,6.3611093629270335e-15
extra_5,70,5,0.0,51,10,0.19607843137254902,1.0,0.0,6.3611093629270335e-15
extra_5,71,5,0.0,51,10,0.19607843137254902,1.0,0.0,6.3611093629270335e-15
extra_10,42,10,0.0,68,10,0.14705882352941177,1.0,0.0,6.3611093629270335e-15
extra_10,43,10,0.0,68,10,0.14705882352941177,1.0,0.0,6.3611093629270335e-15
extra_10,44,10,0.0,68,10,0.14705882352941177,1.0,0.0,0.0
extra_10,45,10,0.0,68,10,0.14705882352941177,1.0,0.0,6.3611093629270335e-15
extra_10,46,10,0.0,68,10,0.14705882352941177,1.0,1.7763568394002505e-15,0.0
extra_10,47,10,0.0,68,10,0.14705882352941177,1.0,0.0,0.0
extra_10,48,10,0.0,68,10,0.14705882352941177,1.0,0.0,6.3611093629270335e-15
extra_10,49,10,0.0,68,10,0.14705882352941177,1.0,0.0,6.3611093629270335e-15
extra_10,50,10,0.0,68,10,0.14705882352941177,1.0,8.881784197001252e-16,6.3611093629270335e-15
extra_10,51,10,0.0,68,10,0.14705882352941177,1.0,1.9860273225978185e-15,0.0
extra_10,52,10,0.0,68,10,0.14705882352941177,1.0,0.0,6.3611093629270335e-15
extra_10,53,10,0.0,68,10,0.14705882352941177,1.0,1.7763568394002505e-15,1.2722218725854067e-14
extra_10,54,10,0.0,68,10,0.14705882352941177,1.0,1.7763568394002505e-15,0.0
extra_10,55,10,0.0,68,10,0.14705882352941177,1.0,0.0,6.3611093629270335e-15
extra_10,56,10,0.0,68,10,0.14705882352941177,1.0,0.0,6.3611093629270335e-15
extra_10,57,10,0.0,68,10,0.14705882352941177,1.0,0.0,6.3611093629270335e-15
extra_10,58,10,0.0,68,10,0.14705882352941177,1.0,0.0,0.0
extra_10,59,10,0.0,68,10,0.14705882352941177,1.0,0.0,0.0
extra_10,60,10,0.0,68,10,0.14705882352941177,1.0,1.9860273225978185e-15,6.3611093629270335e-15
extra_10,61,10,0.0,68,10,0.14705882352941177,1.0,0.0,0.0
extra_10,62,10,0.0,68,10,0.14705882352941177,1.0,1.7763568394002505e-15,6.3611093629270335e-15
extra_10,63,10,0.0,68,10,0.14705882352941177,1.0,0.0,0.0
extra_10,64,10,0.0,68,10,0.14705882352941177,1.0,1.9860273225978185e-15,6.3611093629270335e-15
extra_10,65,10,0.0,68,10,0.14705882352941177,1.0,1.9860273225978185e-15,6.3611093629270335e-15
extra_10,66,10,0.0,68,10,0.14705882352941177,1.0,0.0,0.0
extra_10,67,10,0.0,68,10,0.14705882352941177,1.0,1.7763568394002505e-15,1.2722218725854067e-14
extra_10,68,10,0.0,68,10,0.14705882352941177,1.0,1.7763568394002505e-15,0.0
extra_10,69,10,0.0,68,10,0.14705882352941177,1.0,0.0,6.3611093629270335e-15
extra_10,70,10,0.0,68,10,0.14705882352941177,1.0,0.0,0.0
extra_10,71,10,0.0,68,10,0.14705882352941177,1.0,1.7763568394002505e-15,0.0
noise_005,42,0,0.05,34,10,0.29411764705882354,1.0,0.027161202758754336,0.07918541486410138
noise_005,43,0,0.05,34,10,0.29411764705882354,1.0,0.0023607761877400403,0.4530320296823692
noise_005,44,0,0.05,34,10,0.29411764705882354,1.0,0.01958844739629137,0.22392295106845975
noise_005,45,0,0.05,34,10,0.29411764705882354,1.0,0.04264839633331662,0.17088559322215793
noise_005,46,0,0.05,34,10,0.29411764705882354,1.0,0.0180845815254783,0.004622180804203136
noise_005,47,0,0.05,34,10,0.29411764705882354,1.0,0.019832491073520815,0.11691242218621366
noise_005,48,0,0.05,34,10,0.29411764705882354,1.0,0.009933983761344323,0.17759814101533805
noise_005,49,0,0.05,34,10,0.29411764705882354,1.0,0.025001641674409943,0.10359579283196442
noise_005,50,0,0.05,34,10,0.29411764705882354,1.0,0.01665477282055769,0.148335854220766
noise_005,51,0,0.05,34,10,0.29411764705882354,1.0,0.02360793060108179,0.5334178588086093
noise_005,52,0,0.05,34,10,0.29411764705882354,1.0,0.03215248880067195,0.3619635228877039
noise_005,53,0,0.05,34,10,0.29411764705882354,1.0,0.019401241535926324,0.10918012052671394
noise_005,54,0,0.05,34,10,0.29411764705882354,1.0,0.026273336264399195,0.17814231674957898
noise_005,55,0,0.05,34,10,0.29411764705882354,1.0,0.028340123084475578,0.4344725605002367
noise_005,56,0,0.05,34,10,0.29411764705882354,1.0,0.006041030615927194,0.2599187317899247
noise_005,57,0,0.05,34,10,0.29411764705882354,1.0,0.020700844573020443,0.27975657131340415
noise_005,58,0,0.05,34,10,0.29411764705882354,1.0,0.010179888421254077,0.02607161518264145
noise_005,59,0,0.05,34,10,0.29411764705882354,1.0,0.024433926597664732,0.13081703603888778
noise_005,60,0,0.05,34,10,0.29411764705882354,1.0,0.015505180882767323,0.03700010529562673
noise_005,61,0,0.05,34,10,0.29411764705882354,1.0,0.0075144429325437224,0.4198373486497298
noise_005,62,0,0.05,34,10,0.29411764705882354,1.0,0.008243893278109399,0.08416734542741959
noise_005,63,0,0.05,34,10,0.29411764705882354,1.0,0.02448970767409319,0.12899344124899811
noise_005,64,0,0.05,34,10,0.29411764705882354,1.0,0.016373375971359787,0.019887351604808548
noise_005,65,0,0.05,34,10,0.29411764705882354,1.0,0.02752093173751612,0.020890025749853523
noise_005,66,0,0.05,34,10,0.29411764705882354,1.0,0.004098306180239926,0.7281456695920044
noise_005,67,0,0.05,34,10,0.29411764705882354,1.0,0.03156487642628029,0.11453027547192308
noise_005,68,0,0.05,34,10,0.29411764705882354,1.0,0.01842525897586336,0.16909927544442754
noise_005,69,0,0.05,34,10,0.29411764705882354,1.0,0.004305538356393588,0.28701219741629663
noise_005,70,0,0.05,34,10,0.29411764705882354,1.0,0.019960337435121985,0.25376413409538007
noise_005,71,0,0.05,34,10,0.29411764705882354,1.0,0.01990667757729238,0.19961608430700972
noise_010,42,0,0.1,34,10,0.29411764705882354,1.0,0.05433494940606385,0.15732323016451266
noise_010,43,0,0.1,34,10,0.29411764705882354,1.0,0.0045776893934342386,0.9120914199187102
noise_010,44,0,0.1,34,10,0.29411764705882354,1.0,0.03923840730510965,0.4452815466496384
noise_010,45,0,0.1,34,10,0.29411764705882354,1.0,0.08526897410454808,0.3404978399942913
noise_010,46,0,0.1,34,10,0.29411764705882354,1.0,0.036168975170184456,0.00923296979744093
noise_010,47,0,0.1,34,10,0.29411764705882354,1.0,0.03967053303739207,0.23353046995416044
noise_010,48,0,0.1,34,10,0.29411764705882354,1.0,0.019893496201377096,0.356045197307326
noise_010,49,0,0.1,34,10,0.29411764705882354,1.0,0.050010778978690676,0.20689749996457793
noise_010,50,0,0.1,34,10,0.29411764705882354,1.0,0.033305934895298976,0.2971020000239031
noise_010,51,0,0.1,34,10,0.29411764705882354,1.0,0.04715456483431477,1.060652610568639
noise_010,52,0,0.1,34,10,0.29411764705882354,1.0,0.06441483927825412,0.7252491875720208
noise_010,53,0,0.1,34,10,0.29411764705882354,1.0,0.0387956937397584,0.21788354097822996
noise_010,54,0,0.1,34,10,0.29411764705882354,1.0,0.05254840666123225,0.3570846951137683
noise_010,55,0,0.1,34,10,0.29411764705882354,1.0,0.05668575514419832,0.865147765768003
noise_010,56,0,0.1,34,10,0.29411764705882354,1.0,0.012077252515862164,0.5205818263156954
noise_010,57,0,0.1,34,10,0.29411764705882354,1.0,0.04141238285915866,0.5581571866723324
noise_010,58,0,0.1,34,10,0.29411764705882354,1.0,0.020359397878009625,0.052228128348952275
noise_010,59,0,0.1,34,10,0.29411764705882354,1.0,0.048884503214614836,0.26202384879608415
noise_010,60,0,0.1,34,10,0.29411764705882354,1.0,0.03100922263549973,0.07404464528734561
noise_010,61,0,0.1,34,10,0.29411764705882354,1.0,0.014920639204008372,0.8298350395147744
noise_010,62,0,0.1,34,10,0.29411764705882354,1.0,0.016487779063563992,0.1685651871816756
noise_010,63,0,0.1,34,10,0.29411764705882354,1.0,0.04898654001521309,0.25752323400780813
noise_010,64,0,0.1,34,10,0.29411764705882354,1.0,0.03275124436679024,0.03991948542887122
noise_010,65,0,0.1,34,10,0.29411764705882354,1.0,0.055043869524254184,0.04158434097711003
noise_010,66,0,0.1,34,10,0.29411764705882354,1.0,0.008161034743917087,1.4576121214784383
noise_010,67,0,0.1,34,10,0.29411764705882354,1.0,0.06312815297342413,0.2290873230784179
noise_010,68,0,0.1,34,10,0.29411764705882354,1.0,0.036895784357851125,0.33585924429316777
noise_010,69,0,0.1,34,10,0.29411764705882354,1.0,0.008624038488937245,0.5771197272531626
noise_010,70,0,0.1,34,10,0.29411764705882354,1.0,0.039947330087128086,0.5070808791362986
noise_010,71,0,0.1,34,10,0.29411764705882354,1.0,0.03980941364230015,0.40012828236033604
noise_020,42,0,0.2,34,10,0.29411764705882354,1.0,0.108718951742873,0.3105370152048946
noise_020,43,0,0.2,34,10,0.29411764705882354,1.0,0.008571791397793588,1.8485345702725553
noise_020,44,0,0.2,34,10,0.29411764705882354,1.0,0.0787185048788121,0.8804543341186217
noise_020,45,0,0.2,34,10,0.29411764705882354,1.0,0.17042699208992354,0.6759471741228122
noise_020,46,0,0.2,34,10,0.29411764705882354,1.0,0.07233720150857435,0.01842054015713001
noise_020,47,0,0.2,34,10,0.29411764705882354,1.0,0.07936317773028802,0.4658840424949454
noise_020,48,0,0.2,34,10,0.29411764705882354,1.0,0.03988946238874145,0.7154964720105567
noise_020,49,0,0.2,34,10,0.29411764705882354,1.0,0.10005139333349594,0.4126209884285707
noise_020,50,0,0.2,34,10,0.29411764705882354,1.0,0.06659745245293668,0.5959245839388445
noise_020,51,0,0.2,34,10,0.29411764705882354,1.0,0.09406047964351627,2.096653007193413
noise_020,52,0,0.2,34,10,0.29411764705882354,1.0,0.12927496234384495,1.455697919156783
noise_020,53,0,0.2,34,10,0.29411764705882354,1.0,0.07756443142115275,0.4338696259873626
noise_020,54,0,0.2,34,10,0.29411764705882354,1.0,0.10510441534794304,0.7173771406784623
noise_020,55,0,0.2,34,10,0.29411764705882354,1.0,0.11338947082175514,1.7151139193491014
noise_020,56,0,0.2,34,10,0.29411764705882354,1.0,0.024134621122716342,1.0441104019795087
noise_020,57,0,0.2,34,10,0.29411764705882354,1.0,0.08286983169190207,1.11087797133859
noise_020,58,0,0.2,34,10,0.29411764705882354,1.0,0.04071727254999549,0.10479746875193509
noise_020,59,0,0.2,34,10,0.29411764705882354,1.0,0.09783560281530686,0.5256082396471733
noise_020,60,0,0.2,34,10,0.29411764705882354,1.0,0.06201388560119376,0.14826722559122413
noise_020,61,0,0.2,34,10,0.29411764705882354,1.0,0.029427894745078762,1.6215067633912212
noise_020,62,0,0.2,34,10,0.29411764705882354,1.0,0.032975528578964665,0.33805468033018843
noise_020,63,0,0.2,34,10,0.29411764705882354,1.0,0.09800144150224448,0.5131967185064533
noise_020,64,0,0.2,34,10,0.29411764705882354,1.0,0.06552065938483016,0.08042445027697066
noise_020,65,0,0.2,34,10,0.29411764705882354,1.0,0.11009565455900085,0.08239671796687822
noise_020,66,0,0.2,34,10,0.29411764705882354,1.0,0.016203929729289333,2.9195714450553147
noise_020,67,0,0.2,34,10,0.29411764705882354,1.0,0.12624980557170043,0.4582781061378776
noise_020,68,0,0.2,34,10,0.29411764705882354,1.0,0.073969958557079,0.6625419386241979
noise_020,69,0,0.2,34,10,0.29411764705882354,1.0,0.017300875320434405,1.1667617989658206
noise_020,70,0,0.2,34,10,0.29411764705882354,1.0,0.08000202988907812,1.0123375259416287
noise_020,71,0,0.2,34,10,0.29411764705882354,1.0,0.07960197034284423,0.8038453539531434
