condition,seed,epsilon_m,kernel_sigma_m,candidates,selected,correct,precision,recall,pose_status,translation_error_m,yaw_error_deg
clean,42,0.05,0.2,34,10,10,1.0,1.0,estimated,0.0,6.3611093629270335e-15
clean,42,0.2,0.2,34,10,10,1.0,1.0,estimated,0.0,0.0
clean,42,0.5,0.2,34,10,10,1.0,1.0,estimated,0.0,6.3611093629270335e-15
extra_5,42,0.05,0.2,51,10,10,1.0,1.0,estimated,0.0,6.3611093629270335e-15
extra_5,42,0.2,0.2,51,10,10,1.0,1.0,estimated,0.0,6.3611093629270335e-15
extra_5,42,0.5,0.2,51,10,10,1.0,1.0,estimated,0.0,6.3611093629270335e-15
noise_020,42,0.05,0.2,34,4,4,1.0,0.4,estimated,0.2744362520363756,0.5397329335329194
noise_020,42,0.2,0.2,34,5,5,1.0,0.5,estimated,0.28511866048022505,0.310655162492472
noise_020,42,0.5,0.2,34,6,6,1.0,0.6,estimated,0.249263727023879,1.0961263817645435
